commit_id,message,author_id,issue_id
C1,Fixed login validation,U1,I1
C2,Resolved checkout bug,U2,I2
C3,Optimized search query,U3,I3
C4,Updated profile API,U4,I4
C5,Fixed payment retry,U5,I5
C6,Handled upload crash,U6,I6
C7,Fixed email delivery,U7,I7
C8,Corrected employee sync,U8,I8
C9,Fixed record mismatch,U9,I9
C10,Optimized lesson loader,U10,I10
C11,Patched tracker crash,U11,I11
C12,Fixed transaction timeout,U12,I12
C13,Updated feed refresh,U13,I13
C14,Optimized game engine,U14,I14
C15,Fixed sync error,U15,I15
C16,Improved reconnect,U16,I16
C17,Fixed streaming bug,U17,I17
C18,Corrected export format,U18,I18
C19,Resolved merge conflict,U19,I19
C20,Added API docs,U20,I20
C21,Fixed job posting bug,U21,I21
C22,Patched checkout error,U22,I22
C23,Improved video buffering,U23,I23
C24,Fixed news refresh,U24,I24
C25,Resolved privacy bug,U25,I25
C26,Fixed payment retry bug,U26,I26
C27,Improved doctor connect,U27,I27
C28,Patched alert system,U28,I28
C29,Fixed enrollment issue,U29,I29
C30,Resolved trade mismatch,U30,I30
C31,Optimized map loader,U31,I31
C32,Fixed quota exceeded bug,U32,I32
C33,Patched checkout error,U33,I33
C34,Resolved missing farm data,U34,I34
C35,Fixed automation bug,U35,I35
C36,Fixed cache invalidation,U36,I36
C37,Resolved profile picture bug,U37,I37
C38,Fixed analytics issue,U38,I38
C39,Fixed password reset bug,U39,I39
C40,Fixed notification delay,U40,I40
