project_id,project_name,description
P1,Alpha CRM,Customer management platform
P2,Beta Shop,E-commerce web app
P3,Gamma Docs,Documentation generator
P4,Delta AI,Machine learning toolkit
P5,Epsilon Pay,Payment gateway
P6,Zeta Cloud,Cloud storage system
P7,Eta Mail,Email marketing platform
P8,Theta HR,HR management tool
P9,Iota Health,Healthcare records system
P10,Kappa Learn,E-learning app
P11,Lambda Track,Issue tracking software
P12,Mu Bank,Online banking system
P13,Nu Social,Social media app
P14,Xi Games,Online gaming portal
P15,Omicron Drive,File storage drive
P16,Pi Chat,Chat application
P17,Rho Media,Media streaming service
P18,Sigma Plan,Project planning tool
P19,Tau Code,Code collaboration platform
P20,Upsilon Docs,API documentation system
P21,Phi Recruit,Recruitment portal
P22,Chi Market,Marketplace platform
P23,Psi Video,Video conferencing tool
P24,Omega News,News aggregation site
P25,Hera Hub,Women networking platform
P26,Zeus Pay,Fintech payment app
P27,Apollo Care,Telemedicine platform
P28,Ares Guard,Security monitoring system
P29,Athena Edu,Education management software
P30,Hermes Trade,Stock trading app
P31,Poseidon Maps,Navigation platform
P32,Hades Cloud,Cloud compute service
P33,Artemis Shop,Mobile shopping app
P34,Demeter Agro,Agritech solution
P35,Hestia Home,Smart home automation
